publishedAt,authorDisplayName,textDisplay,likeCount
2025-11-25T16:39:26Z,@jimicicchini,This shows trump firstly was always a democrat but secondly it shows trump cares about america and is willing to work with the opposition and get things done. INSTEAD OF waring about the differences he focused on the similarities. That&#39;s the sign Trump is for good ideas . If something is good he does not care right or left he cares about the best outcome for Americans,0
2025-11-25T16:36:40Z,@brandoncarbaugh7994,"It seems pretty clear that Mamdani will work with Trump only and exclusively insofar as it helps to advance his agenda for New Yorkers, will give Trump little to nothing that helps him politically (and, if this White House meeting is any indication, may actually confuse and divide his base), and will drop him the instant it ceases to be useful.",0
2025-11-25T16:36:32Z,@clarencegood1705,"Thos dude is a broken record , same thing over and over",0
2025-11-25T16:34:08Z,@panjamutimosahary926,"So funny, he said he is the greatest mayor of NY. Soooo Stupid. As if.......... if they cannot afford in NY they should move away from that place",0
2025-11-25T16:36:00Z,@EmbracedsIL,Almost like people who say they have a very large bwain,0
2025-11-25T16:29:26Z,@mickygchannel,"The reason why they&#39;re asking is because it&#39;s incoherent and hypocritical to say someone is a fascist destroying democracy. All the while, working democratically and collaboratively alongside that same person. You cant have ur cake and eat it too.",0
2025-11-25T16:29:24Z,@gordon7306,This guy is a snake,1
2025-11-25T16:21:42Z,@travisqueen1628,"He must not even know what a fascist is. Which isn&#39;t a surprise, he probably can&#39;t define what a woman is either.",0
2025-11-25T16:09:44Z,@reembertoparada4612,He talks way too much garbage.,0
2025-11-25T16:08:05Z,@reembertoparada4612,He doesn’t answer the questions.,0
2025-11-25T15:57:22Z,@IreritemDavidOfere,"Trump is trying, give him his credit and stop trying so hard to downplay his efforts.",0
2025-11-25T15:55:38Z,@As_ad_A,Lol you can tell Mamdani doesn&#39;t sleep.,0
2025-11-25T15:39:57Z,@alphamale-n3i,This mamdani would be very good at being a crooked lawyer!.. .,0
2025-11-25T15:39:54Z,@celestecerise9649,It&#39;s always better to get along with others if possible,0
2025-11-25T15:33:02Z,@ReginaCafarelli-w4m,I live in NY he was voted in by immigrants /white liberal women who have TDS ..he can not raise taxes that’s up to Governor ..Trump is federal holds the money … so his Socialist Agenda will not be executed.,0
2025-11-25T15:12:19Z,@jayonnaj18,"The Lord Jesus Christ is the ONLY ONE I trust 100 percent, for He is God manifest in the flesh, the hypostatic union! This mayor-elect is branding the president as a fascist and a despot yet describes his meeting with Trump in the Oval Office as being productive?! PULeeese!  Something in the milk ain&#39;t clean, I&#39;m thinking! Time will tell!",0
2025-11-25T15:05:29Z,@michellerivera9534,Let&#39;s also consider that immigrants is not illegal aliens those who are here illegally. Immigrants are those who are here to become US citizens the legal way,0
2025-11-25T15:02:10Z,@michellerivera9534,And when Trump is saying troops he&#39;s talking about ice to take away the illegal criminals clear as day all this reporter wants is to find some thing to negatively say about Trump. I don&#39;t know if my dummy is being sincere but he&#39;s not going her way with this interview,0
2025-11-25T14:59:11Z,@Kjv813,He loves president Trump lol,0
2025-11-25T14:58:57Z,@PikemanxPete,"God these media freaks are pathetic. Every question a goading, every statement with buried malice.",0
2025-11-25T14:51:20Z,@MpoleYuweh,MC cardamom for President,0
2025-11-25T14:49:37Z,@Jahgaboo,Trump the best potus ever,0
2025-11-25T14:45:38Z,@notreally2406,Gotta pander to his kooky base...they eat this crap up,0
2025-11-25T14:45:01Z,@Bill-vo1wn,The deep State GLOBALIST Evil fake news media is the enemy from WITHIN.,0
2025-11-25T14:43:40Z,@Jahgaboo,Didn’t answer anything,0
2025-11-25T14:43:25Z,@Luka_Wolffoxen,"<b>Makes okay symbol at you, President Donald Trump, and spits at you</b>",0
2025-11-25T14:40:12Z,@Gary-lz5eb,This guy is a child.  An angry child.   MSNBC is stupid for giving the child time     Absolutely ridiculous,0
2025-11-25T14:40:04Z,@JerryHood-f5j,"Empty words! In collapsing national economy, the city of N.Y. has very little opportunity to help to its homeless and half homeless population...",0
2025-11-25T14:39:28Z,@manz352,Headline doesn&#39;t match video,0
2025-11-25T14:31:04Z,@phantom193,the lady interviewing has some scary eyes. i guess years of spewing lies and propaganda take a toll,0
2025-11-25T14:24:48Z,@kaminip,"Wow, he is brilliant. Let&#39;s hope he doesn&#39;t change🤞🤞🤞",0
2025-11-25T14:21:10Z,@pendleton123,ZM is on the right track. He knows fighting Trump gets NOTHING done for his own agenda. He has to pander yet still hold strong to Trump&#39;s face cause NY is Trump&#39;s baby. Don&#39;t fight or kneel and it seems to be a great strategy.,0
2025-11-25T14:19:54Z,@debbiescott1796,He evades a lot of questions.,0
2025-11-25T14:08:53Z,@augustajones630,Zuhran Mamdani is very focused and stays true to topic.,0
2025-11-25T14:08:05Z,@mamont33,Hate this guy.,0
2025-11-25T14:07:34Z,@ritikranjan4302,"women voted for him cause they like his looks <a href=""UCkszU2WH9gy1mb0dV-11UJg/xsIfY4OqCd2T29sP54iAsAw""></a><a href=""UCkszU2WH9gy1mb0dV-11UJg/xsIfY4OqCd2T29sP54iAsAw""></a><a href=""UCkszU2WH9gy1mb0dV-11UJg/xsIfY4OqCd2T29sP54iAsAw""></a>",0
2025-11-25T14:05:28Z,@dakings1214,A fascist would let another person call him a fascist ? Interesting,2
2025-11-25T14:00:45Z,@Ahmed-p4x4r,He calls Trump a fascist.  What an a hole.,0
2025-11-25T13:56:14Z,@ToddMcLellan-j3u,He is just another politician that never answers the question. It is way too polished. Don’t trust him.,0
2025-11-25T13:54:16Z,@Ahmed-p4x4r,What a bshtter.,0
2025-11-25T13:45:11Z,@jalesbarjo4740,masterclass after masterclass after masterclass...,0
2025-11-25T13:42:55Z,@shamarlewis9419,They want him to fight the President so bad. Its not a war they forget Trump grow up in that city and has a lot of friends there.,0
2025-11-25T13:39:55Z,@natianton,This guy is dumb. So he&#39;s worried about new yorkers but the mess there is there and no police is able to do anything and the jails will be emptied WHAT IS HE ON ABOUT,0
2025-11-25T13:36:17Z,@jeffcarroll1990shock,I could tell the smile he put on in the White House was as genuine as a $3 bill.,0
2025-11-25T13:10:57Z,@HappytoCU,At the end when he smiled without showing teeth…told me he thought “good try😂”,0
2025-11-25T13:07:41Z,@andrewkensey9410,Smart man..,0
2025-11-25T13:07:25Z,@yoloautumn,A train could hit him and he would stand straight. Bro got an invincible spine.,0
2025-11-25T13:05:18Z,@HappytoCU,I’m done with this lady DONE she’s despicable,0
2025-11-25T13:02:31Z,@shawnhowland8633,"&quot;He is not taking the bait.&quot;  Decoding that statement-he is not giving a full, clear response to the question.",1
2025-11-25T13:00:37Z,@shawnhowland8633,Hard to trust any politician that dodges solid questions.  We all put up with this from politicians as they all do it.  We never put up with this regarding friends and relatives.,0
2025-11-25T13:00:05Z,@HappytoCU,😂😂😂😂😂 lady hope you learned something!!!!,0
2025-11-25T12:58:50Z,@HappytoCU,👏🏽👏🏽👏🏽👏🏽.. no bait taken!!,0
2025-11-25T12:55:15Z,@lisacirillo7464,The media looks to constantly stir the pot to maintain the divide. We need to call them out on their crap.,0
2025-11-25T12:54:29Z,@shazyboy227,His a complete breath of fresh air,0
2025-11-25T12:49:54Z,@RickSan-l3p,"Is trump smart enough to capitulate, sometimes I wonder although the answer is soo obvious",0
2025-11-25T12:44:39Z,@littlecatfeet9064,He’s amazing! Didn’t allow himself to be baited into a straight answer.,0
2025-11-25T12:38:51Z,@SP-or5yj,Isn&#39;t  that calling the kettle black!!!,0
2025-11-25T12:29:20Z,@melissajaydelacruz6247,My initial reaction to the post meeting News conference with Trump &amp; Mamdani was Disappointment. I don&#39;t feel like Mamdani Stood his ground. And now it seems like he&#39;s just repeating the same old lines. Only time will tell whether We elected A person of integrity who stands for change and improvement Over quality of life or if we elected Just another politician.,0
2025-11-25T12:23:50Z,@judybrowdermoss2533,I don&#39;t have much trust in him now. They too crummy.,0
2025-11-25T12:21:59Z,@Julioelamericanito,"<a href=""https://www.youtube.com/watch?v=NG_jqzRi0mo&amp;t=104"">1:44</a> he showed him the Auto-pen president photograph 😂😂😂",0
2025-11-25T12:08:54Z,@jayprrr1974,"Can anyone tell me, are jewish people really that hated and persecuted so much that they always come up on a question about there safety? As far as i know i think that most people arent worried about them",0
2025-11-25T12:04:14Z,@kotsiosgtr7685,Not answered a single question,1
2025-11-25T12:00:06Z,@fatimahussain9531,Litmus test revealed that Bussinessmen are always fascist 😅,0
2025-11-25T11:58:50Z,@ashbell1046,I love how he never takes the rage bait…never falls into the trap,0
2025-11-25T11:28:48Z,@space_time,"If you don&#39;t want to listen to the whole thing, the title is clickbait. Mamdani wants to work with and make peace with Trump for the greater good. A very dangerous turn of events for both the billionaire class and the zionists, who need us at each other&#39;s throats.",0
2025-11-25T11:18:59Z,@oguzmang,"he doesn&#39;t shy away, he doesn&#39;t bend. he only focuses on his issues. props to this man. we need more of this kind of politician",0
2025-11-25T10:52:45Z,@OtziAncientMan,At least Donald Trump is not an isla mist.,0
2025-11-25T11:26:16Z,@xxTheFlyingPigxx,You&#39;re right. There is no evidence to suggest that Donald Trump is a Spanish island or a cloud of mist.,0
2025-11-25T10:51:08Z,@fawzaberkane8482,"Hello lady. I appreciate the way u are leading the interview.  A master professionalism.  Mamdani is inflexible when it comes to New Yorkers&#39;living conditions to make them better as promised.  He is focused on the promises he made to Newyorkers. He isn&#39;t giving too much importance to the transactional behaviors between the president and himself, past and present.  He remains straightforward in his beliefs, views, opinions, issues,  promises, etc. Bravo Bravo Bravo Mister Mamdani.",0
2025-11-25T10:40:49Z,@TonyAmore-dp9kx,YOU ARE SO GOOD PRESIDENT DONALD TRUMP,0
2025-11-25T10:40:09Z,@TonyAmore-dp9kx,PROPER PR FFF ROBBIE WILLIAMS PER PRESIDENT DONALD TRUMP,0
2025-11-25T10:31:34Z,@MiiUTheFirst,"Much better interview than NBC news did with their post-trump meeting interview. Focused on the future, outcomes, and what&#39;s currently happening. Great stuff.",0
2025-11-25T10:23:56Z,@Yastraëlle,"<b>&quot;If anyone can show a nation betrayed by Donald Trump how to defeat him, it is the city that gave rise to him&quot;, this is what zoran mamdani  said</b>",1
2025-11-25T10:08:18Z,@erictocatlian615,This interviewer should be ashamed. Celebrate a constructive meeting between the President and the Mayor of New York rather than ask divisive questions.,0
2025-11-25T10:04:32Z,@mihaelagabor4250,dont push your luck!,0
2025-11-25T09:39:44Z,@anthonycharnock6560,He wants the borders OPEN!,0
2025-11-25T09:19:25Z,@ATPGeo,This was really well navigated,0
2025-11-25T09:09:44Z,@juliachang9401,If you are poor need help you should go for president trump not mantani.,0
2025-11-25T08:50:17Z,@ejmoru,You are an inspiration,0
2025-11-25T08:49:38Z,@dirks_splinter,He still got it,0
2025-11-25T08:31:18Z,@Karma0777,"When he talks, he lies. I can&#39;t trust Mandani, who came here from Uganda just eight years ago.",0
2025-11-25T11:28:28Z,@xxTheFlyingPigxx,Actually he arrived in the US at the age of 5. And why would his Ugandan heritage be a reason not to trust him?,0
2025-11-25T08:05:59Z,@adeleharrington1408,"Mamdani is surely educated in the history of the politics of the USA, while Trump is certainly ignorant.  Mamdani is surely dedicated to the affordability of the cost of living, while Trump is certainly not.  Mamdani will lift New York into a better city and be a model for a better future for other American cities.",0
2025-11-25T07:57:19Z,@williamdillard5060,"This country&#39;s 2 party system causes nothing but division and animosity. We have truly devolved into &quot;The Divided States of America. The media, on both sides, just throw gasoline on the fire.",0
2025-11-25T07:47:55Z,@claudiamurray3390,Is it me or did he not answer any of her questions?,1
2025-11-25T11:29:00Z,@xxTheFlyingPigxx,It&#39;s just you,0
2025-11-25T12:46:38Z,@littlecatfeet9064,He didn’t.,0
2025-11-25T12:47:57Z,@littlecatfeet9064,He didn’t answer any. Why does he need to? He’s not Mayor yet and isn’t answerable to the media yet.,0
2025-11-25T07:36:23Z,@aseem007,Why are these news channels just looking to start trouble. It&#39;s a good thing if they are getting along,0
2025-11-25T07:32:51Z,@LoquaciousPint,Zohran i said what i said Mamdani,1
2025-11-25T07:26:12Z,@RTX-1280-Ti,"Btw, fascists don’t give you permission to call them fascist. Just throwing that out there.",0
2025-11-25T11:29:43Z,@xxTheFlyingPigxx,"Uh, yeah they do.",0
2025-11-25T07:21:12Z,@omarshenneb4337,Lets see if she is gonna ask about things actually  benefit People,0
2025-11-25T07:18:47Z,@AaronBurkFamily,😂 so many major issues 😂 … affordability 😐,0
2025-11-25T07:17:38Z,@AneesMughalAdv,We need you as PRESIDENT not as a Mayor 🥺🔥,0
2025-11-25T07:12:52Z,@X-Geronimo,Mondami sounded like Michael Bloomberg. That was hilarious.,0
2025-11-25T07:07:37Z,@X-Geronimo,FDR was socialism for White People. If you are going to praise FDR you have to know his agenda.,0
2025-11-25T06:50:08Z,@rondoweiss,He has just blown it bigtime .Still calling President a fascist. He is really thick and stupid<br>This man is a FOOL.,0
2025-11-25T06:47:35Z,@marianneneave6720,"Its so refreshing to see someone who focusses on policies that address people&#39;s needs, is open to looking how to achieve that, and isn&#39;t distracted by the media trying to drive him into a discussion that focusses on division rather than representing and working for  his constituents.",0
2025-11-25T06:44:26Z,@roelvanbael7885,"Crazy to hear a newsanchor tamk about communism an a more positive way than fascism.<br><br>It´s clear america didn´t have a communistic giant at it´s doorstep like Europe...<br>Cuba is just a small island.<br>Communism hadn´t survived if russia hadn´t given them big help in every field.<br><br>Besides: on a tropical island it´s eqdy to survive.<br><br>Chickens and pigs reproduce by themselves.<br>( ask the Australians aboit Kangeroe island, where some.pigs were set out )",0
2025-11-25T06:40:13Z,@assamiyou,He will ruin NY,0
2025-11-25T06:35:23Z,@Rocket278,"&quot;New Yorkers have grown tired of being asked to believe in a system that delivers very little for them&quot; ... therein lies his problem...it projects a weak America.  JFK...&quot;Don&#39;t ask what your country can do for you, ask what you can do for your country&quot; - Amen, brother",0
2025-11-25T06:28:04Z,@richsayig7007,Trump admires strength.  He will respect an enemy who walks up to his face to declare disagreements respectfully way more than a weak underling on his teet,0
2025-11-25T06:13:19Z,@Dioc61,That&#39;s why I disagreed with the whole Trump meeting.  Because Mamdani was gonna be forced to backtrack and already you got a narrative of possible hypocrisy going. There was nothing to gain in talking to Trump.,0
2025-11-25T06:09:21Z,@frankelblu,He didn&#39;t give her any of the tea,0
2025-11-25T05:59:34Z,@Jakestreet,Him and Zack Polanski are just a breath of fresh air.,0
2025-11-25T05:44:07Z,@podersa241,I sense a bit of aggression on her part.  He is calmly talking and she is just aggressive.,0
2025-11-25T05:43:31Z,@pedrofreire6169,"When questioned about the sacred, answer in terms of secular, when questioned in terms of secular, speak in terms of sacred",0
2025-11-25T05:22:50Z,@fshsac,"This from the man who wants to take people&#39;s hard earned tax dollars and give away free goods like ice cream...typical 3rd grade campaign strategy.   The very wealthy, whom he plans to tax, have already started leaving, so guess where that money is going to be obtained...the next tax bracket down?   And if he plans to tax corporations and say it&#39;s only 2%, which sounds meager, that is thousands to millions of dollars.  New York has had some of the biggest outflow of corporations of any city in the U.S.   And corporations will just raise prices on their goods.  It&#39;s a vicious cycle that politicians never understand does not work.",1
2025-11-25T05:19:22Z,@thanosianthemadtitanic,The media is just awfull trump is absolutely correct on that,1
2025-11-25T05:15:40Z,@theonewhodrums_,"Notice how during the meeting he was all smiles and praising Trump, Now gets back to talking crazy now hes not in the same room with him. What a total😺",0
2025-11-25T05:14:09Z,@vasudevbose8004,Masterfully done. Media needs to do better and not keep attempting these I gotcha moments,0
2025-11-25T05:08:45Z,@gazellwilliams2773,WHEN TRUMP LOOKS @ MAMDANI HE SEES HIMSELF 😝😱🤔😏🤣,0
2025-11-25T05:08:42Z,@kathryncrowley9879,Bang really messed up with this one! You gotta give it to her that she was able to convince Bang that she is a competent executive. How else can we explain the favorable benefits package and support that he gave to her?  It seems to me that her delusions and craziness are getting worse. Her insane decisions and behavior cannot be hidden/excused any longer except to her supporters who are still u see her influence. All in all a very sad and exacerbating state of affairs for anyone who is embroiled.,0
2025-11-25T05:07:28Z,@mallyw5585,"I love how he REFUSES to break from his messaging. Every single answer sounded almost scripted, though I know they weren&#39;t. He was born for politics.",0
2025-11-25T05:05:15Z,@Yayhi-o5m,People of the world need to understand the reality of the situation. <br><br>The illusion of democracy  since Lincoln has been nothing but child play.,0
2025-11-25T05:05:04Z,@currywurst2434,Perhaps its dumb to call people fascist or threat if you work with them.,0
2025-11-25T04:57:40Z,@mattlawson4727,"I wonder how he&#39;s going to get his kind on the left, to remove the onerous, ridiculous, environmental restrictions and regulations, that have made it virtually impossible to build affordable housing. Half of the housing cost, is due to local bureaucracy, which keeps housing inflated",0
2025-11-25T04:57:25Z,@raypatson8775,Trump and Mandami had a productive meeting and Media can&#39;t handle it and is hellbent on dividing people ! Media is evil!,0
2025-11-25T04:55:44Z,@salmatransportation383,She trying very hard to create problems between both of them .,0
2025-11-25T04:52:32Z,@simarlo5270,"Listening to that interview, it genuinely seems like they’re not focused on just reporting the facts. Instead, it feels like they’re trying to create division. We really shouldn’t support news presented in that way.",1
2025-11-25T04:50:36Z,@Wyherber,They are focusing more on negativity rather than asking appropriate questions. Disgusting media.,0
2025-11-25T04:47:11Z,@omg9876543211,Neo in the matrix,0
2025-11-25T04:42:39Z,@michellejackson5035,He’s similar to Kamala in that he’s great at saying a whole lot to say nothing and not really answer the question!!,0
2025-11-25T04:40:50Z,@oldfekka236,This pathetic excuse for a journalist has severe TDS. Congratulations to both Trump and Mamdani on a successful meeting. Shame on the leftist media for always trying to cause problems.,0
2025-11-25T04:40:12Z,@ShawnOfTheDead-v6o,Zohran sounds fake,0
2025-11-25T04:39:14Z,@Escherango0620,💙💙💙💙💙💙💙💙💙💙,0
2025-11-25T04:21:39Z,@PretentiousBreadcrumbs,This interview is a prime example of why people are losing trust in mainstream media.,2
2025-11-25T04:04:51Z,@BrianWhitehead-g8r,"If Mamdani believes trump, he isn’t as intelligent as I thought!  <br>You cannot trust this lying criminal at all any time!",0
2025-11-25T04:03:57Z,@robinm4292,"He is incredible. He is not playing into the media&#39;s game into talking bad about people. Talk about the job itself, not about people 👏 I don&#39;t support Trump either but I hate that politics is just a game of smack rather than talking about issues. Job well done for not playing into it!!",0
2025-11-25T03:59:25Z,@jackjross,Don&#39;t go off script....don&#39;t go off script...don&#39;t go off script lol,0
2025-11-25T03:58:47Z,@ToxicChihuaha,Hes scared to say it to cuh face then says it behind cuh back like a mark. Trump at least would say it to cuh face,0
2025-11-25T03:49:08Z,@marklarson303,Muslim Brotherhood look out New york,2
2025-11-25T03:44:01Z,@nuaro-8,"The mayor-elect chose his words carefully because he knew anything he said could be used against him, so he had to be cautious and strategic.",0
2025-11-25T03:37:24Z,@nuaro-8,"The mayor-elect chose his words carefully because he knew anything he said could be used against him, so he had to be cautious and strategic.",0
2025-11-25T03:36:04Z,@KatrinaMoore-li1et,Look at this 🥰 respectfully stayed on topic(ny)!! 👏🏻,0
2025-11-25T03:35:59Z,@GangerProductions,It literally does not answer any questions just repeats the same things again and again,0
2025-11-25T03:33:16Z,@benwilson276,Does anyone else hate the Talking points and democrat establishment vibe this reporters gives? they outa know Im only watching for zohran.,0
2025-11-25T03:32:36Z,@mindfulskills,"Day after day, Mamdani conducts a seminar about how it should be done. Note how he never gets baited into a discussion of personalities or optics, but brings every question back to the needs of the people who elected him, underscoring again and again that it&#39;s not about him, but them. The precise opposite of Trump. Trump was wise not to try to go nasty on him.",1
2025-11-25T03:31:53Z,@DarkaPandelly,&quot;GOD&quot; BLESS OUR PRESIDENT ! OF THE UNITED-STATES!!!....,0
2025-11-25T03:31:08Z,@eddiegloria9671,"a lot of ppl defending Mamdani in this interview but this is worrisome, isnt it? She asked if Trump said he wouldnt send troops into NY. Mamdani refused to answer the question. That&#39;s an important point and Mamdani talked about standing up to Trump. This makes it sound like he backed down.",1
2025-11-25T03:37:14Z,@nuaro-8,"The mayor-elect chose his words carefully because he knew anything he said could be used against him, so he had to be cautious and strategic.",0
2025-11-25T03:53:44Z,@eddiegloria9671,@nuaro-8 that&#39;s a copout. it&#39;s one thing to pick ur words wisely. it&#39;s another to pick words that let u NOT answer the question.,0
2025-11-25T04:00:03Z,@nuaro-8,@eddiegloria9671 You’re one of those people who hears “no” and still keeps pushing—just like Andrew Cuomo.,0
2025-11-25T04:20:46Z,@eddiegloria9671,@nuaro-8 xDDD i point out that mamdani didnt answer the question and u compare me to cuomo? xDDD,0
2025-11-25T03:30:38Z,@stephenvanbellinghen933,Trump the threat to democracy yet he openly advocates for socialism,0
2025-11-25T03:27:09Z,@nischalsantooshsinghsairam2278,the stances have softened significantly post meeting between the two.,0
2025-11-25T03:22:13Z,@donpursel7316,"Democratic Socialism, what country has that worked in?",1
2025-11-25T03:13:38Z,@CrankyGrandma,"He sounds very like a politician.  Now, a politician who wants good for the city may be just the thing, but it would be nice if he answered more directly.",1
2025-11-25T03:12:33Z,@DavidAngel-d6v,"I would never trust him, he can’t give a straight answer, New Yorkers must be desperate 😮",1
2025-11-25T03:02:50Z,@livingfoul4305,Fascists run government like mandani wishes to install.,0
2025-11-25T02:56:19Z,@AsBanker86,CORPORATE MEDIA IS SCUM TOO SORRY 😂🤷🥳,0
2025-11-25T02:55:24Z,@stevestoner2724,"Zohan will destroy NY.He has a good talk.But,he lies about everything.The Devil will present himself as an angel of light.Trump knows exactly what this America hater really <a href=""http://is.watch/"">is.Watch</a> the next couple months.Trump is Not fooled by in this America hater",2
2025-11-25T02:46:28Z,@shari.hooks27,He’s a very proficient speaker! <br>I’d like to see him &amp; Caroline Levitt head to head. 😃😁,1
2025-11-25T02:46:19Z,@RogerKing-d5v,So mambani a communist?,0
2025-11-25T02:45:56Z,@Rican761,"Everyone want to create a mental heath department to respond to these calls.  DeBalsio’s wife acquired, I don’t know how many millions to create a department that never materialized.   Ask deBalsio to return those funds.   Cause someone stole that 💩.",0
2025-11-25T02:41:29Z,@vgfder7831,Divide...... the J strategy to keep control over America.  😊,0
2025-11-25T02:41:10Z,@kheir07,Why wasn&#39;t he answering the question about weather he was surprised of how Trump received him?,0
2025-11-25T03:39:02Z,@nuaro-8,"The mayor-elect chose his words carefully because he knew anything he said could be used against him, so he had to be cautious and strategic.",1
2025-11-25T05:28:03Z,@kheir07,​@nuaro-8i agree. Msny thanks!,0
2025-11-25T02:40:41Z,@adams3365,"He is genuinely for the average Newyorkers, that is enough to choose him over the corrupt Benjamin coumo cohen",0
2025-11-25T02:39:56Z,@Nkekiart,This Guy is good.,2
2025-11-25T02:39:06Z,@Ferencur,Remember both social and mainstream media profits from rage baiting  you. And they don&#39;t care if they destroy the country in the process.,1
2025-11-25T02:36:14Z,@Siinjyaan,This is a direct insult to 77 million people who voted for Trump in a democratic election.,0
2025-11-25T02:34:23Z,@SP-do5sm,This man is a liar. He got elected because of Soros&#39; 40 million dollar donation. He is a trojan horse to the USA.,1
2025-11-25T02:46:55Z,@RogerKing-d5v,He is a Hindu at heart …,0
2025-11-25T03:41:37Z,@nuaro-8,"What would you say about Cuomo? He got $20 million—and even more—from his billionaire friends. You wouldn’t call him a liar, right? You must really like him.",0
2025-11-25T02:34:15Z,@morniclegreen3534,Antagonistic interviewer but I didn&#39;t expect anything less,0
2025-11-25T02:31:06Z,@JayChris-x4z,MAMDANI is a GOOD LITTLE BOY.,1
2025-11-25T02:27:49Z,@DavidFiorillo-m3o,The despicable absence of Calde nation of Jonathan Pollard‘s visit to the American Embassy in Israel is proof that the media and the entirety of America’s ruling class are traders working for America’s enemy Israel!,0
2025-11-25T02:25:55Z,@ricotrujillo2842,My god I can not stand her.   <br>Good for MAMDANI.. he wasn&#39;t having any of it.,0
2025-11-25T02:24:25Z,@SildaMiralles,"Mayor is an hypocrite and got not respect , mandami is nothing good!!",0
2025-11-25T02:24:00Z,@bug_a_boo_oddity_art,Ewwww Its MaMdAnI,0
2025-11-25T02:21:21Z,@JessicaEsteban-c6i,"Mandami: Everything will be free. Trump bad<br>Few weeks later <br>Mandami: Oh you can start giving your money now. <br>Trump, daddy, I need money. Help  🤡",0
2025-11-25T02:19:01Z,@teuz2345,"Guys... This is what journalism is.  Asking questions that are tough and need answers like: what is going on with that guy who is used to calling you names, deport you and to send troops to NYC to you had won 😅.&#39;.",1
2025-11-25T02:18:28Z,@mizzourah615,"Mamdani is different! He&#39;s so good at this, it&#39;s not really fair. If he&#39;s half as good at governing as he is debating, he&#39;ll be President one day.",1
2025-11-25T02:18:16Z,@libbypeacock2253,I love that Mamdani never loses his cool &amp; doesnt bow to the inane questions the media tries to stir things up with! Hes a fine man😊,3
2025-11-25T02:16:10Z,@ThreatRepel,Where is the facist part ? Am I tripping or this news channel is deadass trying to sabotage what the world witnessed instead ? Can someone link the bit where he calls him a facist or the news did that all by themselves,0
2025-11-25T02:15:09Z,@6Ebeats,Expect a kamala pt3,0
2025-11-25T02:14:39Z,@angelabear1237,"Such an inspiration Zohran is in the area of getting the job done with integrity and determination! What a  breath of fresh air to hear him continually bring the conversation back to policy and not waste time and energy rubbishing everyone around him! If Zohran doesn&#39;t deliver, he&#39;ll take full responsibility and not point fingers elsewhere! He&#39;s a man of substance! A leader this world could do with cloning over and over!!!<br>❤❤❤",1
2025-11-25T02:18:33Z,@6Ebeats,He’s literally an Obama clone,0
2025-11-25T02:12:27Z,@6Ebeats,"<a href=""https://www.youtube.com/watch?v=NG_jqzRi0mo&amp;t=233"">3:53</a> its not about broken system its about work ethic. Stop talking about a broken system. Still talking about a broken system in 2026. Im not talking down either…🙄😪",0
2025-11-25T02:10:47Z,@Jokedealer,hes a good politician.. that&#39;s why i dont trust him,1
2025-11-25T02:09:38Z,@6Ebeats,"Hes talking about new yorkers that support anarchism <a href=""https://www.youtube.com/watch?v=NG_jqzRi0mo&amp;t=170"">2:50</a>",0
2025-11-25T02:05:24Z,@DreAlba-t9r,He is a fake Muslim!!! He is as Fake as Trump!,0
2025-11-25T02:05:05Z,@MisterSallier,I see she let him get away with not answering anything we barely any pushback that was one of the most biased interviews I’ve ever seen her conduct,0
2025-11-25T02:05:00Z,@12345giwma,This dude can&#39;t even answer directly to a simple question.,0
2025-11-25T03:43:32Z,@nuaro-8,"The mayor-elect chose his words carefully because he knew anything he said could be used against him, so he had to be cautious and strategic.",0
2025-11-25T02:00:18Z,@bethstaley467,"If Mamdani thinks Trump is a fascist, no matter. Trump knows ZM is a communist and an islamist. No one was fooling anyone at their meeting.",1
2025-11-25T01:57:32Z,@gaimysunny,Terrible media trying to distort..,0
2025-11-25T01:53:39Z,@jmo_on,"so many yes or no questions (not good journalism, you want questions that give context) ... good on mamdani for filling in the missing context.",0
2025-11-25T01:51:40Z,@michaelorchidevik2103,"Mamdani ,   <a href=""https://www.youtube.com/watch?v=NG_jqzRi0mo&amp;t=536"">8:56</a> min   We  do  not  want  &quot;immigration  system  that  is  humane&quot; -  that  will  be  not  America ,  don&quot;t  you  understand ?  -  America  is  not  that  kind  of  Country  that  should  turn  itself  into  a  humanitarian  FARM  for  the  entire  World !   There are  8  BILLION  of  you  there !  No  one  Country  turn  itself   into  a  CHAOS .   What  the  fantasies  of  nonsense !   America  should  take  only  people   it  needs .",0
2025-11-25T01:50:40Z,@tiffanyrussell6858,Please tell me the mayor didn&#39;t fall for it 🙏🏻,0
2025-11-25T01:48:42Z,@lune3613,Kinda disappointed that he said hed support jeffries,0
2025-11-25T01:48:26Z,@diallog1,"Notice that he now refuses to utter the words &quot;fascist&quot; &quot;despot&quot; or to criticize Trump with new language.  When people refer to what he&#39;s said in the past he will say that he stands by it, but all of his current language is about finding agreement and moving forward with Trump to improve NYC&#39;s affordability.<br><br>I think his discipline with messaging is admirable, and that he&#39;s right to avoid doubling down on antagonistic language.  I wish more people in our society understood this, and that how we speak to each other on social media has a big effect on how we feel about each other, and how extreme our politics and polarization get.<br><br>I only hope Mamdani is as gifted at deal making and political maneuvering as he is when it comes to messaging.  He&#39;s got his work cut out for him, and he still hasn&#39;t answered the question about how he will bring the market inflation of rent and home ownership down if he drives away developers who build new units with a universal rent freeze.<br><br>In order to realize his democratic socialist vision he needs to be able to redistribute wealth, and taxation is the main way of doing this, but he doesn&#39;t have the power to do this.  He will have to somehow get a lot of people to go against the moneyed interests, assembly members and governors who have been voting the other way.  <br><br>God speed, sir.  I hope you turn out to be a brilliant political operative who can pull off the seemingly impossible.",2
2025-11-25T01:47:36Z,@giachinodemaria9613,"She is such an instigator, she doesn’t want people to work together. Shes trying her hardest to drive a wedge.",0
2025-11-25T01:47:21Z,@cheikhball8080,"Obama is a hypocrite,he didn&#39;t want to support him while he was campaigning now he wants to help.FOH",1
2025-11-25T01:46:24Z,@swapshots4427,This guy is good.<br>❤✌️,0
2025-11-25T01:41:17Z,@danielgilbert9684,"Why not ask Mamdani whether it was classless to defame the President after he graciously invited him to the White House? Why not ask him why he did not run under the Communist Party since his proposals are consistent with Communism? Why not ask if he is in collusion with Russia? You did with Trump, which was false. Failure to ask tough questions to the Leftiss is why Meet the Press has little credibility. Fox is fair.",1
2025-11-25T01:39:51Z,@ChrisReed-o7n,"Talk about speaking with a forked tongue. Evil on both sides of the table. Both don&#39;t know a single thing about fascism, but both like saying it. Dumb and dumber",1
2025-11-25T01:39:25Z,@cheikhball8080,"Why she is trying to bait him, she wants him to say something negative so bad about the President knowing how Trump gets instead of focusing on the positive",0
2025-11-25T02:23:49Z,@6Ebeats,Cia level of siphoning,0
2025-11-25T01:37:03Z,@ChingaLaMigra-StayMad,"This is the roadmap for leftists everywhere. Stay on message, never take the bait, stay strong in your convictions. Don&#39;t backtrack on things that you believe in, because having some people disagree with you is WORLDS better than having everyone see you as a spineless worm. Stand tall, speak loud, and speak truth.",1
2025-11-25T01:36:31Z,@100popsongs,He&#39;s getting boring very quickly with these non-answers,0
2025-11-25T01:32:59Z,@Nick52547,He&#39;s very good at ignoring questions and sticking to talking points. True Politician.,0
2025-11-25T01:31:47Z,@drangon200584ify,He sold his soul to the devil; everything on earth has a price.,0
2025-11-25T01:25:28Z,@doki5542,I love his ability to redirect and stay on the topic of New York! Didn&#39;t take any of the bait. Finally a politician focused on their constituents and not political theater,0
2025-11-25T01:24:42Z,@theelephantintheroom69,"Still waiting for that &quot;threat to democracy&quot; to happen, media",0
2025-11-25T01:24:08Z,@rotebuehl1277,He&#39;s tooting his own horn,1
2025-11-25T01:23:32Z,@SamSarmaSB,"The only approach US media knows to use is to drive wedges among politicians, fuel the fire of division, and sell that very, very, very cheap and shameful product. The public should start calling this socially dangerous scam a scam, not professional journalism. Politicians, when they can&#39;t feed on this dishonest tactic by the interviewer, dock the question -- and that&#39;s even more dangerous because they also get a pass on addressing much more serious issues that are behind the &quot;food fight&quot; for attention.",0
2025-11-25T01:22:37Z,@kangaroofoot,The fact that they’re baiting him with presidential level questions is backfiring in them because he’s knocking them out of the park and then saying he just wants to be the Mayor of New York.,1
2025-11-25T01:19:29Z,@anthonysmith756,Funny an immigrant who is  in love with  socialism. Not happy with Our elected President.,1
2025-11-25T01:13:59Z,@Nonya-b6c7n,Trump is no fascist.  There&#39;s not enough Democratic Socialists in office yet to trigger a real fascist backlash again.,0
2025-11-25T01:13:45Z,@leonidfisher9410,For communist Mamdani all republicans are fascists. But in real life the threat for democracy are communists. And people with a fake smile.,0
2025-11-25T01:13:13Z,@jrose9378,Trump has called the mayor communist. Why does mayor call trump fascist?,0
2025-11-25T01:10:49Z,@stevelotshaw6843,Scamheaď,0
2025-11-25T01:07:23Z,@ronb2008,"Out of the whole interview where Mamdani tries to focus on affordability, NBC titles the interview that he still believes Trump a fascist. This is why no one trusts mainstream media anymore. What a joke.",3
2025-11-25T01:03:38Z,@gilbertsuarez1156,Get that under cover communist out this is not cuba they promised everything but deliver nothing shameful!!!,0
2025-11-25T01:00:48Z,@niloferkhan5275,IT WAS OBVIOUS THAT TRUMP IS A HYPOCRITE THAT LIES THROUGH THE SKIN OF HIS TEETH.TRUMP IS SO TWO FACED.HE WANTS MAMDANI&#39;S POPULARITY AT ANY COSTS AND WOULD DO ANYTHING TO STEAL HIS ACHIEVEMENT AS HIS OWN.TRUMP IS A CROOKED BUSINESSMAN,0
2025-11-25T01:00:44Z,@tracypeterson5135,He never answers the questions. Always evasive,1
2025-11-25T00:58:42Z,@Nasty_Riffs,"Trump already got his W, doesn’t matter what you say now 😂",1
2025-11-25T00:56:58Z,@LIGHTISBURNING,Dislike the vid and just leave. This ppl are beyond saving.,1
2025-11-25T00:44:16Z,@revesup,"Laser focus on his job 🙌✨Roll on Jan, let&#39;s do this",0
2025-11-25T00:42:25Z,@AdiosCity,All I know is that he is the &quot;delivery&quot; guy.,1
2025-11-25T00:40:10Z,@ArmandoLopez-w9j,"Trump said to Mamdami that he would him him a lot, and the NYorkers, and still call him a Fascist! 😂😂😂😂",0
2025-11-25T00:39:59Z,@JH-qy7rc,He is good 👍 <br>Stay on the important topic and work <br>Not gossips,0
2025-11-25T00:39:14Z,@sebsun,"The Main Stream Media is desperate for conflict. Just look at the title of this video. <br>Americans, if you stop watching this dying legacy media, you will be smarter for it!",0
2025-11-25T00:35:36Z,@ArmandoLopez-w9j,Biden destroyed the US in 4 years and you expect Trump to fix it right away. Stupid democrats,2
2025-11-25T00:34:00Z,@primofx2sport,I see why NBC been tanking 🤦🏻‍♂️,0
2025-11-25T00:33:53Z,@mtrproject-hardrock,Such a joke of a news organization. They’ve got a communist directly across the table from them and they’re treating him like he is the second coming of Christ.,0
2025-11-25T00:33:22Z,@kazuhadendroswirl,"Shameless reporters throwing all the bs they can , meanwhile<br>Zohran Kizaru Mamdani: maintaining NYC agenda is our top priority",1
2025-11-25T00:32:12Z,@ArmandoLopez-w9j,Mamdami just avoids getting in trouble with his Democratic  Socialist Party! Mamdani is obviously a F R A U D.  He lies a lot and changing his words and narratives a lot wvery different interviews. Lol,0
2025-11-25T00:25:18Z,@taqmobile,He sounds like a politician,0
2025-11-25T00:23:52Z,@KevinRussell-n7i,I’m a democrat and I can honestly say Trump did a better job on the border. This guy couldn’t even answer a simple question. This is the problem with politics among many. Give praise when it’s due,0
2025-11-25T00:23:03Z,@John-j2d6j,I don’t think he likes trump and the only reason he was nice is because he didn’t want to be seen being rude to the president on national tv,1
2025-11-25T00:22:19Z,@Americas450R,"Child care would not be necessary if we could keep families together and our women at home. Men cant make enough to support a family anymore. I wish these people understood most women (not all) would prefer to stay home and do the most important job of raising a family, there forced to go out and get a career out of necessity.",2
2025-11-25T00:15:19Z,@DWSmall-je4fm,He is a good actor.  He will say whatever you want him to say.  He has no convitictions of religion or politics.  He is an actor for hire to whatever the populous will believe,1
2025-11-25T00:13:45Z,@jenn3589,9/11 <br><br>9/11,0
2025-11-25T00:12:09Z,@andrewmills2136,She tried so so hard to get the negative energy out… I can’t stand news anchors today,0
2025-11-25T02:29:45Z,@6Ebeats,You’re supposed to do that,0
2025-11-25T00:12:08Z,@JarrettKStrickland,The guy is good,0
2025-11-25T00:06:13Z,@Gidalyah-qq3ec,Someone should tell Mamdani that he already won and no longer has to campaign,0
2025-11-25T00:04:56Z,@notleftorright9178,Is the thought of defunding  the police?? And you answered,0
2025-11-25T00:03:30Z,@C-North61Third,This clown doesn’t know what a fascist is if it was right in front of him,0
2025-11-24T23:57:27Z,@frankgarcia1521,"FIY, THAT MAYOR IS THE WORST OF THE WORST HE IS A TRUMP SUPPORTER , AND AOC VOTE HIM IN BOTTOM LINE.  FIG",0
2025-11-24T23:55:45Z,@Greg-i9f6c,Trump is the master😊,0
2025-11-24T23:54:37Z,@sun.sh.in.e,Maybe Trump isn’t so bad after all.,0
2025-11-24T23:53:38Z,@aboonai1,"Lol he did not say yes he was a fascist, what a coward...he bowed down to the king!! Lol stay little bro. Stay little....NY is going to the dumps, if not for trump!!",0
2025-11-24T23:51:38Z,@lukef4166,He&#39;s charismatic and can infinitely dodge questions. He has a long future in politics.,0
2025-11-24T23:49:16Z,@-MCMLXXII,Snakeoil salesman with word salads.,0
2025-11-24T23:45:59Z,@imaginationand,"The medias news is the true beyond corrupted controllers connections promoters dictating our lives ext..too morrers and toothfaces critics everything and everyone everywhere the influencers outlets ! Thank  you  Donald Trump <br><br>Yes go do now the  congressmans, juges courts on of  all too , politicians, Democrats and Republicans too ext..that means all levels In governance from are from so corruptioned morrers and toothfaces criterias of credibility puddings keepings organizations, companies corporations ect additional advances funded or supported followers funding programs projects lobbyists controllers games platforms mapulation awakened based boards games phobias fakes narratives outlets madis influencers promoters dictating terrorist organizations to the into United States of America and to back there&#39;s own countries and to others countries too is unacceptable! Thank Donald Trump and Elon musk plus ext.. all Donald Trump Addmestrations and Zohran Mamdani thank you!❤❤❤❤😊😊😊😊😊😊",0
2025-11-24T23:45:42Z,@effieliu0126,Division. The Democrat playbook.,1
2025-11-24T23:44:44Z,@HyderabadMan,He is a true politician. He says what He wants no matter what the question,0
2025-11-24T23:44:44Z,@Calliope3,"Don&#39;t forget..You may like him immensely, but do you align with his politics? They all train for this delivery. Some like Mamdani actually paid attention to the training. Trump has no social or financial success skills, despite being a lifelong business man.",0
2025-11-24T23:44:02Z,@starfrost6816,He did say it,0
2025-11-24T23:41:49Z,@TessaC5,This reporter is baiting to get something bad on President Trump !  She has TDS,0
2025-11-24T23:40:39Z,@anyoldthing,"The current administration&#39;s sole purpose is to divide us so it keeps the focus on the real enemy, which is billionaires and the destruction they are doing to everything in order to stay rich and powerfull. Trump was put there to cause havoc, and we&#39;ve fallen for it. These powerful people must be stopped by changing laws and creating a wealth tax and not allowing them to buy politicians",1
2025-11-24T23:38:31Z,@beatrizrosado898,This man is not to trust.,0
2025-11-24T23:38:29Z,@jamiecoyne1494,Trump is worried that Mamdani could be a contender for 2028,0
2025-11-24T23:42:07Z,@A_12USA,was not born here,0
2025-11-24T23:36:49Z,@lilia8138,"He is a chameleon who adapts to situations, those who hoped for everything for free and voted for him will be very disappointed, all he needed was to win the election.",0
2025-11-24T23:36:39Z,@seano218,The media has been getting away with lies and manipulation for far too long! When will someone hold them accountable and punish them to send a message?,0
2025-11-24T23:26:06Z,@kimberlykim8352,Let’s see if he does deliver what he promised… I kind of doubt it bc what makes him so special so he can do what other mayors couldn’t keep they’ve promised!<br>And this woman really didn’t get clear answers from him and she didn’t really push back to get clear answers.,0
2025-11-24T23:24:23Z,@Godschild718,The media is disappointed that Mamdani was able to work things out with Trump but is still too early to tell.,0
2025-11-24T23:22:32Z,@JamesCWood90,"Expertly handled by Mamdani, just super tabloid-y and divisive from both the interviewer and whoever wrote this clickbait headline. Do better NBC. People matter, not clicks, and sowing division doesn&#39;t help anything except your balance sheet.",1
2025-11-24T23:21:59Z,@Jonathon1031,He will deliver nothing that he promised. New Yorkers believed every word.,0
2025-11-24T23:20:03Z,@russs250,Zohran is the definition of a fascist. Socialism is fascism.,1
2025-11-24T23:16:57Z,@markgrafstrom1704,Mandummy is the snake in trumps snake story...not sure why he was so nice to the snake...? Seems strange to me....,0
2025-11-24T23:13:53Z,@MF-rw3rb,Did he call trump a fascist in this video?,0
2025-11-24T23:11:09Z,@mahad4088,How he call Trump fascist while he was so open to help this new Mayer with everything for NY. <br>He’s so full of himself and arrogant. Doesn’t show any kind of gratitude.,0
2025-11-24T23:07:31Z,@Duckman008,"Wow, could she BE any happier he was elected?",0
2025-11-24T23:07:16Z,@MyCavco,Mandami is against the U.S. Constitution. His goal is some kind of Islamo-communist State. Islam and Communism have destroyed more lives than all other systems of governments combined.,0
2025-11-24T23:04:33Z,@AARADRAWSHEHEHE,Hypocrite!,0
2025-11-24T23:04:07Z,@dano8228,"Soooooo worded indirectly answering a questions with repeated words over and over again, redundancy.",0
2025-11-24T22:59:54Z,@rileyplaxton,He&#39;s very good at this,0
2025-11-24T22:59:20Z,@acbgames1766,Trump has officially stated &quot;he doesn&#39;t care&quot; being called a Fascist. Well done to draw that out Mamdani.,0
2025-11-25T01:18:25Z,@acbgames1766,@LakeGranny I trust Trump’s words.,0
2025-11-24T22:55:23Z,@RezzyFlintboyOfficialMohawkRap,Everything  this dude says is a lie he&#39;s literally a liar his whole entire campaign and winning is only because of him in Trump feuding with each other it&#39;s all a setup anybody who believes a word that comes out this man&#39;s mouth you&#39;re a dummy,1
2025-11-24T22:54:52Z,@gideonlord-adem,"This Mandami guy is very, very boastful and a pretender. He refused to give accept that President Trump has done good things.  He sounds ti be gentle but wicked in brain. He only needs help but has no credit for the president.  Vert vert baaaaad.  Why??",0
2025-11-24T22:51:55Z,@lindamulcahey3819,"Most people don&#39;t understand mental illnesses.  Lots of have mental health issues, like bipolar  , anxiety, depression, panic attacks, etc.  If treated, one can be fine.  It&#39;s not a stigma that people, millions, have mental health. Most is , it needs to be addressed. It&#39;s not bad!! But, with Trump  it&#39;s a severe dysfunction and mental illness... THX!!!",0
2025-11-24T22:51:50Z,@Lil_14er,"This is the first time I have heard Mayor Mamdani speak, and woah is there hope still left, people still fighting the good fight.",0
2025-11-24T22:49:50Z,@wjcbartley7364,I hope he cuts off ur funding,0
2025-11-24T22:48:19Z,@adam1st1984,She loves bringing up old news ..but Americans politics is ... disgusting,0
2025-11-24T22:46:19Z,@lindamulcahey3819,"Mary...love you.. BUT, please please keep telling us how severe his mental health is!!!! Untreated... getting worse. !!! People need to be aware how his mental health is a danger to the world. Most people don&#39;t truly understand mental",0
2025-11-24T22:43:32Z,@vonrock6862,"He didn’t praise mamdani he gave him enough rope to hand himself, and he will",0
2025-11-24T22:43:08Z,@martdavid84,This man can’t give President Trump any props at all?   What a jerk.,0
2025-11-24T22:37:08Z,@bdafaholmes,Yes!!! both the left and the right get together let’s get rid of the media. The real oligarch are the people who run mainstream media who tried to social engineer us to fight with each other.,0
2025-11-24T22:36:45Z,@HanifTeraBab-eh1eh,Can we all just get along?,0
2025-11-24T22:35:13Z,@cooldue1234567890,"Trump is the only fascist in history that allows people to openly disagree and call them a fascist to their face, and let&#39;s them speak to the media about how much of a threat they are... These people just lie to divide.",0
2025-11-24T22:34:22Z,@davidmorari3983,Mondani doesn&#39;t need Trump trump needs mondani . Mondani can handle himself and New York.,0
2025-11-24T22:34:06Z,@JoannWilliams-h7p,"Zohan, not voting for him",0
2025-11-24T22:33:56Z,@archieames1968,So he&#39;s admitting he is willing to work with who he thinks is a fascist? Interesting.,0
2025-11-24T22:33:00Z,@JoannWilliams-h7p,"When you can&#39;t even pronounce his name, I dang sure won&#39;t vote for him however you say his name<br>he should have a rug on his head",0
2025-11-24T22:29:47Z,@Erne-may,Didn&#39;t he shy away from the whole defunding the police thing?,0
2025-11-24T22:28:47Z,@ringogringo814,Anybody calling Trump a fascist is a traitor. He&#39;s more like a fascist eliminator. Just ask General Soleimani.,0
2025-11-24T22:25:11Z,@irvingkurlinski,"Trump thinks he could live in NYC under a Mamdani Mayor,. I&#39;d give him Epstein&#39;s cell.",0
2025-11-24T22:24:41Z,@SorryNotSo,Muslims twist things and lie. He&#39;s angenda is to put more Muslims in the government and take over. The .an wasn&#39;t even born here hes not and American he just paints a nice picture for young people to believe.,1
2025-11-24T22:23:46Z,@eddiec2334,This guy is a smiling charlatan - wake up.  Watch NY go to ruins.,1
2025-11-24T22:15:46Z,@BenjoCovers,"whats up with that bernie clip, can someone explain the context of that?",0
2025-11-24T22:10:16Z,@jodobson128,I am satisfied with every answer he gave - no double-talk,0
2025-11-24T22:09:52Z,@Bee-lp3wj,There are more important questions she could be asking. So annoying,0
2025-11-24T22:09:19Z,@freyahmartell,This disgusting journalist wanted him to back down on what he had previously said and guess what he didn&#39;t. Hilarious. American journalists are completely lost and psychotic.,1
2025-11-24T22:00:37Z,@A1tailorg,Mamdani is very cunning.,0
2025-11-24T21:59:42Z,@jamescollins6358,Fascist are socialist,0
2025-11-24T21:55:27Z,@FastCream,"Everyone was hearing wrong, Trump was saying columnist not communists.<br>Trump just strategically push aside Schumer, Hakeem, AOC, Newsome, Hochul, <a href=""http://et.al/"">et.al.</a>, and crowned who he wanted (Zo) to be King of the leaderless Donkey herd (comprador; 5th columnist; The Apprentice; Bolly to Hollywood; Hee-Haw) <br><br><a href=""https://www.youtube.com/shorts/qsjdJ3w-QNU"">https://youtube.com/shorts/qsjdJ3w-QNU?si=0GfD23z6lHfjZkMV</a><br><br><br>BIG HEE HAW IN CAPS<br><br><a href=""https://www.youtube.com/shorts/RaSSGq3UuIA"">https://youtube.com/shorts/RaSSGq3UuIA?si=gI_19ZscnPtW5Jtf</a><br><br><br>Like Malcom X would say:<br><br>&quot;You&#39;ve been had! Ya been took! Ya been hoodwinked! Bamboozled! Led astray! Run amok!&quot;, HeeHaw!!!!",0
2025-11-24T21:50:52Z,@InvokedAlbaz,Why does she still have a job with NBC?,0
2025-11-24T21:48:49Z,@bennie.379,i hate DJT but 3 minutes in and every single question has been very clearly trying to stir up drama against trump. shut up woman<br><br>edit: 9 minutes in. every single question is an attack,0
2025-11-24T21:55:21Z,@DrkBrnWhiteGirl,"Well, you know what they say about. Hate, requires more passion than love… Try the mirror, and quit being a minion. You don’t need kings when you’re already a slave to your masters.",1
2025-11-24T21:47:55Z,@tomulator,18 to 29 year olds showed up to vote because you bribed them with promises of FREE STUFF!,2
2025-11-24T21:57:02Z,@DrkBrnWhiteGirl,"lol. And then ask them for money to help with the transition to give them free stuff, lol. From a man who couldn’t have been elected mayor if Donald Trump was a fascist. And a guy who five years ago was worth $150,000 and after making $11,000 a year in the state assembly, is now worth 5 million. So why is he asking anybody for money. Why? Because he had no idea what becoming mayor was going to look like. He didn’t even do the research. And yet the minions elected him. Lol. There will be enough losing to go around.",0
2025-11-25T01:40:54Z,@ChingaLaMigra-StayMad,"yeah, let&#39;s give all that free stuff to the ultra rich instead!",1
2025-11-24T21:46:01Z,@KelliePawliczak,Imagine new Yorker. Just because I do not live in NYC! I live in NY and do not agree with your politics at all. Have being lumped in with NYC.,0
2025-11-24T21:44:45Z,@AnkurWat,Such an inflammatory headline geez,0
2025-11-24T21:43:29Z,@pattycakers8189,I love how he stood his ground and didn’t fall for the media bait.,0
2025-11-24T21:58:42Z,@DrkBrnWhiteGirl,Fall for what bait. He didn’t know what to say. You all elected a guy who is asking you for money to make the transition so that he can give you free stuff.  A guy who could not have been elected if Donald Trump was in fact a fascist ! can you all do just the smallest math? No. You are minions. Slaves to your masters.,0
2025-11-24T21:40:34Z,@DrkBrnWhiteGirl,How can mamdani be ELECTED mayor if Trump is a  fascist? How can dem minions be so gullible??,1
2025-11-24T21:40:14Z,@johnpagan7873,"Fake news, always bashing Trump. Give the guy some credit for treating Mamdani nice.",1
2025-11-24T21:37:51Z,@tomulator,She is so patently dishonest and misleading!😮<br><br>And he’s….wow…just SCARY and unqualified!,0
2025-11-24T21:34:57Z,@OPharaohEternal,That&#39;s what we call Standing on business!!,0
2025-11-24T21:34:14Z,@JimDavidson-FingerpickinGood,"I&#39;ve asked any number of people to specifically detail Trump&#39;s actions that could be classified as &quot;fascist&quot; and, thus far, no one can specifically name any. Deporting illegal aliens is NOT fascism, it is adhering to the rule of law.",2
2025-11-24T21:31:31Z,@MICHAEL-vu3dc,Why Biden didn&#39;t do nothing 😕,0
2025-11-24T21:28:39Z,@MICHAEL-vu3dc,Whow what a welcome 🤣🤣🤣🤣for this communist,0
2025-11-24T21:21:30Z,@michaelangelo9119,Mamdani calls for people to boycott Starbucks and Starbucks has their best day in history,1
2025-11-24T21:20:40Z,@harr7959,Coward. Took him a week to bend the knee.,0
2025-11-24T21:17:16Z,@FranciscoGonzalez-ob1hj,"🤣 but he didn’t say it to his face. Shows weakness shows fakeness, shows an actor who shifts depending on who he talks to",0
2025-11-24T21:14:44Z,@MiladaKaiser,We can criticize Trump.<br>We can criticize Mamdani. <br>MEDIA ARE THE WORST.<br>MEDIA ARE THE REAL PROBLEM HERE.<br>Making money on dividing people!,0
2025-11-24T21:14:20Z,@winlaporte1318,If he was a facist you wouldn&#39;t have been invited to meet him.,0
2025-11-24T21:10:36Z,@MiladaKaiser,Media try really hard to push him to some agresivity.<br>They try hard to make him and Trump  enemies.,1
2025-11-24T21:09:48Z,@nathanieljones7735,"I’m just convinced that people just wanna say fascist as a buzz word now and don’t actually think it means its real definition of don’t know it. The idea of meeting with fascist, discussing policy, and calling him such publicly without consequence is just absurd.",0
2025-11-24T21:08:54Z,@Candice-Smith,Love Zoran!!! ❤❤❤I’m so glad to see someone my age run this country!!! Get rid of the old dinosaurs keeping us divided!,0
2025-11-24T21:08:22Z,@Sadin2012,Bla bla bla guy,0
2025-11-24T21:07:09Z,@mariocapuano1571,This guy will change America !!!!! The radical left picked the right guy.. Americans be careful !!!!,0
2025-11-24T21:03:21Z,@johnpaulkane6153,He knows Trump  is not a dictator  just  playing  the game.,0
2025-11-24T21:03:40Z,@karl4893,Yep,0
2025-11-24T21:02:13Z,@jojopapa7521,Corporate socialist Mamdani and capitalist Trump are Same! Lol. Is mamdani going to do universal healthcare? Dies he believe healthcare is the Rught of every citizen? NO!!!,1
2025-11-24T20:54:37Z,@illegalmotion,MSNBC trying so hard to put a negative  spin on this. Mamdani is clearly looking to work with the other side while the brainwashed TDS folks  only look to hate Trump.  Whatever Trump believes do the opposite.,0
2025-11-24T20:51:52Z,@dontplaystocksMEMORYLIMTpbmeno,CONGRATS ZOHRAN AWESOME NAME U HAVE MY FULL SUPPORT -- U CAN DO NO WRG MY FRIEND! END ALL INSIDERTRADING! (nothing&#39;s &quot;just&quot;),1
2025-11-24T20:51:50Z,@BO_Daily,"Left media is so bad, loser",0
2025-11-24T20:50:45Z,@BO_Daily,"The media is so bad, distract him and try  to pull him back to anti trump, not interested people actually.",0
2025-11-24T20:50:03Z,@actualyoungsoo,Mamdani is ours now 😂😂<br>Trump 2028,0
2025-11-24T20:47:55Z,@Fjrorkrn383,So he calling trump a facist but he won’t condemn Hamas attack on Israel,1
2025-11-24T20:46:44Z,@skybaby444,"Good on him for not answering her stupid question, were you surprised….? All her questions are decisive. She’s digging for conflict. Annoying.",0
2025-11-24T20:45:11Z,@DominickTague,U better behave or daddy trump won’t give u funding,1
2025-11-24T20:41:55Z,@michaelhalpern-h1o,&quot;UNIVERSAL&quot; child care. how about &quot;5 borough child care&quot;---i&#39;ll settle for that. !,0
2025-11-24T20:39:36Z,@patriciahawkins1343,Sharia law takes away our freedoms,0
2025-11-24T20:39:30Z,@safecampdee,"This is what we need!!! He is truly for the people and this interview shows that. Not divisive, dismissive or shady. Just bringing it back to his constituents and what truly matters. I don’t care for the president at all. But as someone who wants to go into politics, I know how important it is to go across the isle and work with our lawmakers who may not be on our side morally or politically. This is how we get things done",0
2025-11-24T20:37:54Z,@highperformanceresistance,"Some got it all twisted. The question was put forward to see if he would &quot;bow down&quot; and change his tune, simply because of one WH visit.",0
2025-11-24T20:35:47Z,@MrFatman2334,"1st he was saying Trump not a faccist now he saying he is, 2 faced liar boy o boy New York is cooked",0
2025-11-24T20:37:41Z,@ashaqhussain6902,He has been consistent on Trump being a fascist.,0
2025-11-24T20:37:48Z,@monsieuro1303,"After defeating a political opponent, the use of diplomatic language is essential. It allows for a public display of reconciliation, even if fundamental disagreements persist, and above all, it safeguards the dignity of the vanquished. However, the victor, if structurally weaker than the defeated adversary, must exercise extreme caution. Their victory should not incite them to provoke further conflicts, but rather encourage them to consolidate their position through restraint in order to better pursue their political agenda.",0
2025-11-24T20:40:22Z,@MrFatman2334,@ashaqhussain6902he didn’t say it the White House in front of the big dawg President Trump face thooo !!,0
2025-11-24T20:41:40Z,@MrFatman2334,"@monsieuro1303but he was talking all that stuff about President trump and not even 3 months he wants to visit him, I would of respected it if he went months later but I guess he wanted to bend the knee as soon as possible",0
2025-11-24T20:43:11Z,@monsieuro1303,"@MrFatman2334 Après avoir vaincu un adversaire politique, le recours à un langage diplomatique est essentiel. Il permet une démonstration publique de réconciliation, même en cas de désaccords fondamentaux persistants, et surtout, il préserve la dignité du vaincu. Toutefois, le vainqueur, s&#39;il est structurellement plus faible que son adversaire, doit faire preuve d&#39;une extrême prudence. Sa victoire ne doit pas l&#39;inciter à provoquer de nouveaux conflits, mais au contraire l&#39;encourager à consolider sa position par la retenue afin de mieux poursuivre son programme politique.",0
2025-11-24T20:35:35Z,@durrinergun7818,"This is actually not interview, but lecture in tact, communication, how to direct conversation to your points.<br>Make notes!!",1
2025-11-24T20:34:28Z,@himselfies,"Well, Trump proves it every single day, so there&#39;s that.....",0
2025-11-24T20:33:27Z,@MDG711,Kristin &quot; mud hands&quot; at it again  <br>What a joke she is. 😂😂😂😂,0
2025-11-24T20:32:32Z,@highperformanceresistance,"Of course he&#39;s a fascist. Nothing nobody doesn&#39;t already know. Dude simply put it on record, that he would say it even after a WH visit.  Not pressured to bow down.",0
2025-11-24T20:30:34Z,@doxology1133,"Trump is willing to work with him and the Right is not upset; he is so afraid off his socialist anti Trump base that he dodged every single question showing that he is not as open as the president, while willing to work with him, I can&#39;t digest this hypocrisy.",0
2025-11-24T20:24:51Z,@JohnnySack16,He realizes the media just lies. Not everyone needs to be divided no matter how you voted lol,0
2025-11-24T20:24:07Z,@monsieuro1303,"After defeating a political opponent, the use of diplomatic language is essential. It allows for a public display of reconciliation, even if fundamental disagreements persist, and above all, it safeguards the dignity of the vanquished. However, the victor, if structurally weaker than the defeated adversary, must exercise extreme caution. Their victory should not incite them to provoke further conflicts, but rather encourage them to consolidate their position through restraint in order to better pursue their political agenda.",0
2025-11-24T20:22:38Z,@Tonyclark-o8g,good luck on your new role as mayor you seem like a decent person and intellgent as well.,0
2025-11-24T20:18:29Z,@witpickles,"He was elected to do a job. Working with a President who he believes is a facist based on many authoritarian behaviors he has winessed, is part of that job. Seems like he&#39;s up to the task so far.",1
2025-11-24T20:17:52Z,@jmcfadden2051,Politicians are really good at not answering questions ALL OF THEM.. talk go around and around and never answer the questions,0
2025-11-24T20:17:16Z,@sheliajuniel,"Can I say anti Semitic and anti Israel with Criminal Netanyahu and his genocide of the Palestinian population are too different kettle of fish. I’m anti genocide and anti Netanyahu and his criminal enterprises, NOT ANTI JEWISH.",1
2025-11-24T20:16:10Z,@dandan_49,I’m not sure they understand what a fascist is 😂,0
2025-11-24T20:14:59Z,@sticks_channel_2,She was really trying to get him to say something negative about the president but he didn’t take the bait.  Respect.  Media sucks.,0
2025-11-24T20:11:23Z,@KissSlowlyLoveDeeply-pm2je,nationalists and socialists teaming up once again.,0
2025-11-24T20:10:15Z,@zohaebjilani1808,This title doesn&#39;t match the interview.,0
2025-11-24T20:09:59Z,@UnderBaseBeatz,So refreshingly smart and straight forward.,0
2025-11-24T20:08:13Z,@garyscarpulla100,Who cares what this con man thinks. He&#39;s not fit for national stage,0
2025-11-24T20:00:25Z,@dmtmediabrothers,Dude is a brilliant speaker i hope him and trump deliver on what they talk about. <br><br>Maybe american can heal,0
2025-11-24T19:57:54Z,@Addicti0nz1,The meeting proved that the media is the true enemy of the United States. They always attack and look to cause issues with each of their questions. Even when it’s something as sensitive as WW3 they’ll come on air and ruin negotiations without any accountability.,0
2025-11-24T19:56:54Z,@eastcliffmusic,They push him so hard with follow up questions but don’t do that with Trump. Hhmmm,1
2025-11-24T19:56:45Z,@Addicti0nz1,Sharia law in NYC incoming,0
2025-11-24T19:59:50Z,@JayPlateFaceVideos,You&#39;re just upset because he&#39;s not Israel first.,1
2025-11-24T19:52:57Z,@greybrown3,😅,0
2025-11-24T19:52:29Z,@mariainfante0505,This guy is so smart! I would say brilliant! Zohran Mamdani you are one hundred percent 💯 UNIQUE! God bless you! Thank you 🙏 Mr. Mayor Mamdani!🇩🇴🇩🇴🇩🇴🇩🇴🇩🇴🇩🇴🇩🇴🇺🇸🇺🇸🇺🇸🇺🇸🇺🇸,0
2025-11-24T19:48:40Z,@ibrahimandour5288,New Yorkers proudly happy for our elect 😊,0
2025-11-24T19:47:28Z,@ibrahimandour5288,ICE agents respect no rules and human rights 🤦🏿‍♂️,1
2025-11-24T19:41:33Z,@ahmedalrafi500,W Mayor W Mamdani,0
2025-11-24T19:40:53Z,@juliemanning,Can he answer a question?? Dude is nothing but sound bites. Is he even real??,0
2025-11-24T19:39:50Z,@gergsbane,We need to address the media&#39;s tendency to be a bunch of little chaos goblins.,0
2025-11-24T19:37:11Z,@ukrlvivrm,"It&#39;s good to see that Mamdani can civilly work with a Fascist and a Monarch. Surely, he would have worked just as cordially with actual Fascists like Hitler, Stalin, and Mussolini.",0
2025-11-24T19:36:10Z,@tristateavllc,This guy is good wow!,0
2025-11-24T19:35:39Z,@KungPowKing,Why wouldn’t a mayor want federal help to reduce crime…? It  doesn’t make any sense to reject help…,1
2025-11-24T19:35:09Z,@pegatrisedmice,based,0
2025-11-24T19:34:37Z,@noahtech2282,She is throwing bait left and right 😂 Zohran smart man for avioding the bait but that goes to show how fake news work. They throw bait to catch fish and then make it news.,0
2025-11-24T19:32:59Z,@aamaliyahkhan1524,MARTINEZ WELL DONE,0
2025-11-24T19:31:11Z,@globalspiritualrevolutionmedia,This individual will never speak this to the President’s face!,2
2025-11-24T19:30:55Z,@JustAHappyGuy2025,"Kind of dumb to say someone is a fascist and a &quot;threat to democracy&quot; when you two had such a great meeting, despite having different opinions. That&#39;s not Fascism dude. Trump is a great president and cares a lot about New York.",1
2025-11-24T21:14:49Z,@abdullahiabdisalan1170,He didn’t want to say it but she pushed him hard the media is evil,0
2025-11-24T19:28:22Z,@JILOA,"A socialist calling Trump a fascist?  Either he doesn&#39;t know what a fascist is or he doesn&#39;t know what a socialist is.  Maybe both.  Their ideas of capitalism is the same; control over the labor force.  Communists, socialists, and fascist have that as their goal.   His name calling is a low farce clown act.",1
2025-11-24T19:27:56Z,@Mgrdno-vk5pl,This dude is focused on what needs to get done. These questions are not fazing him. He dodges the bs with class and talks directly about what needs to happen and how.,0
2025-11-24T19:27:40Z,@naomipete8547,From Berkeley California Mamdani is full of blank,1
2025-11-24T19:22:58Z,@kingdomservant1962,GOD BLESS AMERICA THROUGH TRUMP ADMINISTRATION,0
2025-11-24T19:22:13Z,@naomipete8547,Mamdani is a devil!,1
2025-11-24T19:19:21Z,@Vision33r,"Lol, what a con artist he is.  He says what he needs to say in front of his supporters then go stand next to Trump and befriends with him because he knows he has no choice.  Who else can help NYC but Trump and Hochul, they are his bosses.  He&#39;s nothing more than a con artist that tells people one thing and does something else.",1
2025-11-24T19:19:16Z,@darla218,"News flash- a fasicist is a form of dictatorship. If Trump was a fascist he wouldn’t have held the meeting, and said some nice things and promoted his ideas. 🤦🏻‍♀️<br><br>You almost had me won, then you went and made these statements. Shameful.",0
2025-11-24T19:18:22Z,@sararosenthal5280,my god i love this man,0
2025-11-24T19:15:55Z,@emprecielo,if it was drake i would only want him to drop songs w him singing,0
2025-11-24T19:13:52Z,@noellelove2889,i know deep down mamdani’s heart he respect and adores trump after their meeting but he need to hide it because of democRats 😂😂😂😂,0
2025-11-24T19:13:35Z,@Sancha808,islam out,1
2025-11-24T19:05:27Z,@BubbaX-c8u,Media weak,0
2025-11-24T19:04:42Z,@Joe-ol5bq,once he finishes the job in NYC id love to see him  make a run at President,0
2025-11-24T19:04:40Z,@BubbaX-c8u,Watch out mandami<br>Trump can deport you😅😅😅,1
2025-11-24T19:02:41Z,@ladyhoffmann,the president was reallyy mature for entertaining him. honest i cant. i cant. well i hope the president is watching this fool.but he cant be trusted.,0
2025-11-24T18:59:58Z,@sumairshirazi,How is trump a fascists  ? What fascists has he done to be labelled as a fascists ?,0
2025-11-24T18:59:29Z,@NadaTuyo73,He said it in the WH. 😂 Right wing media was trying to say that he never answered. Oh yes he did. I heard that “yes” at the end loud and clear. 😂 He kept it real.,0
2025-11-24T18:58:02Z,@JerryPounders,Who cares what mamdummy says.,1
2025-11-24T18:56:36Z,@maher001,"Zohran Mamdani is what every city in the world needs; he&#39;s a breath of fresh air in politics. I hope he has set a new trend in what politics could look like in the future. Total respect, Zohran.",0
2025-11-24T18:56:03Z,@rayray8716,"How do you mention antisemitism and ignore Islamophobia, when Islamophobia is higher than Antisemitism?",0
2025-11-24T18:55:20Z,@jockstrap3509,He should have asked her does she think the president is a threat to democracy,0
2025-11-24T18:53:22Z,@wwechampion,"The establishment Democrats and Republicans are lucky Mamdani can&#39;t run for President because if there&#39;s any person who&#39;s a Muslim that would win, it would be Mamdani hands down.",0
2025-11-24T18:53:13Z,@jockstrap3509,Those politicians come on her show frequently and all push a bs narrative and she gives no push back!,0
2025-11-24T18:50:47Z,@jockstrap3509,She is part of the reason I can’t watch mainstream media. Trump didn’t punk the Mayor like he punks these mainstream media clowns. Thank goodness for YouTube,0
2025-11-24T18:49:03Z,@earldax,"Love Zohran, but I don’t understand his support for Hakeem Jeffries, a spineless, AIPAC-backed establishment Dem. Hakeem has got to go!",1
2025-11-24T19:09:38Z,@ckaz007,Democrats don&#39;t bash other democrats.,0
2025-11-24T18:47:36Z,@islander5858,This dude is a clown. Master deflecter 😂😂😂😂,1
2025-11-24T18:46:18Z,@daveswaves,All politicians = Never answer the question directly. Fill with word salad. Sigh.,1
2025-11-24T18:42:23Z,@rohansampat1995,"I love how its incredibly clear that this guy is all about &quot;whatever it takes for new york&quot; and they are like ohh this problem this partisian issue. Like its pretty clear, dude does not care, only goal is, make new york great. <br><br>If we had more politicians like this, we could do some real good.",0
2025-11-24T18:40:18Z,@Orborbiter,"y&#39;all real dumb for running this title after his response during the interview. <br>Man said &quot;I care about one issue, the rest of this is diluting my message&quot;.<br>NBC immediately went: but what if we just dogpile on this inflammatory messaging, so that you have the least substance possible and just look one-dimensional?",0
2025-11-24T18:39:26Z,@wmp3346,"Sounds upbeat, positive and bright",0
2025-11-24T18:37:52Z,@ThaRealDeejayThaBarber,I gained a “little” respect for him watching this…✌🏾,0
2025-11-24T18:35:41Z,@TechPriest27,"He folded like a lawn chair under Trump, but now pretending that he is tough",0
2025-11-24T18:35:32Z,@islander5858,SHARIA LAW COMING TO NEW YORK IN 2026,0
2025-11-24T18:34:53Z,@dasl1936,"I like Walker’s faux surprise at whether he thinks the president is a threat to democracy. Almost everyone who isn’t maga thinks that, and the ones who don’t are the ones who think it’s already over.  Multiple members of his own cabinet have said that, including his first VP. He was impeached for an insurrection, none of the living former presidents or former presidential candidates of either party liked him. And yet we’re reaching for the fainting couch that the mayor of New York thinks that.",0
2025-11-24T18:34:36Z,@curiouscat544,Mamdani says he wants to increasing funding for &quot;hate-crime prevention programs&quot;. What are such programs?,0
2025-11-24T18:33:27Z,@og_finn661,"Out of all that the title ended up being this. Our media, regardless of the network, is a din of vipers that serve the elites.",0
2025-11-24T18:31:33Z,@nikedher,Says the biggest scam artist,2
2025-11-24T18:29:22Z,@eddiesantiago6591,Is it just me or does he seem brainwashed or something after that meeting I mean look at the way he&#39;s responding,0
2025-11-24T18:29:15Z,@aamaliyahkhan1524,What a beautiful man <br>His smile glows ❤,1
2025-11-24T18:33:59Z,@Alvinthefrog-qq6yq,Critical thinking has been replaced by emotion,0
2025-11-24T18:21:09Z,@jeffvullmahn7233,"Wow! Look Out! This guy is a great speaker! But, We know his underlying motives. In the future, America is in trouble if we believe their lies &amp; manipulation.  :-(",0
2025-11-24T18:37:01Z,@Alvinthefrog-qq6yq,In the present America is in trouble for believing their lies and decptions,0
2025-11-24T18:18:25Z,@KINGBREAKBARREL,They could fill up the New York streets with police with eyes the FBI and troops and that will not affect me so why do people worry so much safer City,0
2025-11-24T18:39:09Z,@Alvinthefrog-qq6yq,Because many other people are not so doped up that they dont see whats happening ?,0
2025-11-24T18:16:25Z,@HISgraceisenough247,Traitors all,0
2025-11-24T18:16:21Z,@ext1013,"let&#39;s see. he&#39;s blinking too much. maybe, he hates the questions.",1
2025-11-24T18:31:09Z,@Malfeya,"Obviously he does, the questions are stupid",0
2025-11-24T18:55:49Z,@Alvinthefrog-qq6yq,​@Malfeya...Many people hate those who provide the truth instead of sweet dreams,0
2025-11-24T18:16:07Z,@wifirwifir3671,really nice title. This is the quality of people like Zohran Mamdani who are naming people with nonsense claims and the other side treats them nicely. This speaks volumes about the quality of this person.,0
2025-11-24T18:59:04Z,@Alvinthefrog-qq6yq,Please speak more on the &#39;quality&#39;<br>Dont stop now. .youre onto something. Not everyone is as intelligent as you,0
2025-11-24T18:15:49Z,@Adonisgotit,Why are sheep obsessed with the word fascist? 😂😂 This is Proof that public figures are fake &amp; will say anything to appease dumb people,1
2025-11-24T19:00:23Z,@Alvinthefrog-qq6yq,Thank You Socrates :)  Youre always spot on,0
2025-11-24T18:15:47Z,@guidedbygreen1480,"The reality is, if Donald Trump was an actual Fascist, if anyone called him a fascist to his face, they would be executed. Trump allowing him to say it and laughing it off, is a clear indication that he is infact, NOT a fascist. But this went over so many peoples&#39; heads...",3
2025-11-24T19:02:03Z,@Alvinthefrog-qq6yq,Trump is smiling in wait,0
2025-11-24T18:15:44Z,@JayOhhTheKing,"<a href=""https://www.youtube.com/watch?v=NG_jqzRi0mo&amp;t=181"">3:01</a> that picture in the background is mad awkward and weird",0
2025-11-24T18:11:45Z,@ryanbradley5891,I&#39;ll give him this. He is saying he wants to get work done. She wants a school yard fight. Media sucks,1
2025-11-24T18:11:44Z,@JayOhhTheKing,Politics are so annoying and pointless. Just be frank already!! With the questions and the answers. The day politicians start communicating like adults is the day this country actually starts to turn around.,0
2025-11-24T18:11:39Z,@Kick_Rocks,How is Trump a fascist?  Law enforcement doesn’t make you a fascist unless you support lawlessness.  Nobody is being oppressed.  No laws are being broken.  People still have the right to PEACEFULLY assemble.  In a fascist regime you can’t even protest.,1
2025-11-24T19:04:20Z,@Alvinthefrog-qq6yq,Very good point Kick Rocks Kid,0
2025-11-24T18:11:33Z,@obesebird,But he won’t say it directly to his face without trump giving the ok what a coward,0
2025-11-24T18:10:40Z,@Manuel78,He speaks as Chavez or Fidel Castro. I do know that speech.,2
2025-11-24T19:06:32Z,@Alvinthefrog-qq6yq,Ah...so you have been there before ..and now you are here ...and its everywhere,0
2025-11-24T18:09:29Z,@KINGBREAKBARREL,Donald Trump is going to take this dude and put him under his wing what that means Trump is going to have control over him which is 100% great awesome and good you Papa Trump,1
2025-11-24T18:32:06Z,@Malfeya,What are you even saying,0
2025-11-24T19:08:32Z,@Alvinthefrog-qq6yq,​@Malfeya...You must learn Hyroglyphics :),0
2025-11-24T18:08:42Z,@anetteayoethomsen,&quot;Public safety&quot; ??? There is none.!!!!,1
2025-11-24T18:08:06Z,@grannylil8036,About time we have an intelligent person in politics and can communicate with good vocabulary!,0
2025-11-24T19:10:16Z,@Alvinthefrog-qq6yq,There are ways to slow the progression of Degenerative Brain Disease... let me help you.,0
2025-11-24T18:05:44Z,@mutatis-mutandis,Jaw jaw is better than war war,0
2025-11-24T18:05:22Z,@ComradeAlex1967,media loves him its great 😂,0
2025-11-24T18:01:26Z,@jonevan100,Your avoiding all her questions Mamdani not sure that’s a good look your just a spokesperson for New York that’s fine but you seem scripted and shallow,1
2025-11-24T18:01:19Z,@mark-k4f1j,Trump finally saw sense and decided to... kiss his ring,1
2025-11-24T18:00:16Z,@superkat460,"A realistic Mamdani with the Trump toxic rhetoric, realized he will need Trump before Trump will need him, especially if Immigrants is his focus as mayor. Adams was criticized for cooperating to remove illegal criminals. Double standard.",0
2025-11-24T17:59:50Z,@SoCalBrian,This man is so deceptive. He’s got the smile of Lucifer.,1
2025-11-24T18:01:20Z,@yourmentalandlord,That says more about you than him,2
2025-11-24T17:58:27Z,@s_ands-y6u,Media needs to stop doing this. Pit  him against Trump. They had a productive meeting. Keep it that way. Why did into what he thinks and does he still think.,0
2025-11-24T17:56:52Z,@yeahwryte,How many times does he have to say it? Can we move on from this topic and start talking about New York City and his plans? This “entertainment news” is so annoying. No wonder why America is so effed. We can’t focus on the right stuff at all.,0
2025-11-24T17:56:16Z,@DannyPowell-x7d,"It&#39;s a smokescreen, that is not at all what he is after???!!!...",0
2025-11-24T17:55:12Z,@rvnhty,We love Zohran !!!,0
2025-11-24T17:54:13Z,@DannyPowell-x7d,Be careful!!!...,1
2025-11-24T17:53:07Z,@DreamScape-2001,Im surprised he could stand to stay in the same room as trump let alone a few feet,0
2025-11-24T17:48:51Z,@techs1smh13,NBC 😂😂,0
2025-11-24T17:48:33Z,@Hairhorror13,Facists dont have conversations with the ops. Y&#39;all are sooo weird 😂,0
2025-11-24T17:47:10Z,@quant0076,"<a href=""https://www.youtube.com/watch?v=NG_jqzRi0mo&amp;t=358"">5:58</a>",1
2025-11-24T17:45:00Z,@DroppyToppy,See this is why media wants to change topic but not the truth,0
2025-11-24T17:42:16Z,@rosemayferdinand8901,"In my honest opinion, President Trump has a great heart when he can make his own decisions. When he doesn&#39;t have the bad people around him. President Trump would make a great president if he didn&#39;t have all this hatred from people around him. To have a change of heart about the things he said about the Mayor-elect shows you he has the heart of a human being.",1
2025-11-24T17:38:58Z,@SFRainmaker,Do NOT ever trust Trump. Mamdani&#39;s heart is in the right place. I wish him success.,0
2025-11-24T17:38:52Z,@genevieveprochaska,"I love this politician, and I have never thought I would say those words. On message, unwilling to be baited, for his constituents. ♥️",0
2025-11-24T17:35:54Z,@krozeski8463,A coward. 😅,0
2025-11-24T17:33:07Z,@rogergillette8426,"A fascist wouldn&#39;t let you call them one, let alone to their face 😂",0
2025-11-24T17:32:28Z,@_Yohanan,"Amazing man, jfc",0
2025-11-24T17:25:38Z,@bigtuck1516,MEDIA IS THE PROBLEM! THIS INTERVIEW IS A PRIME EXAMPLE!!,1
2025-11-24T17:25:18Z,@Hxown,🇺🇲🇺🇲🇺🇲🇺🇲👊TRUMPOWER👊🇺🇲🇺🇲🇺🇲🇺🇲🇺🇲,1
2025-11-24T17:25:15Z,@BillFindlater,"This a slippery snake oil saleman, selling fantasy tax the rich and get free stuff, and many are taken in by him",2
2025-11-24T17:22:49Z,@fretmajik777,"And one more thing, if everyone one of you hate filled liberals had to live with Trump for one month, at the end of the month you would say to everyone, he is just a normal American with some views that I don&#39;t agree with. Good God this is soooooooooooooooooooooooo stupid!",0
2025-11-24T17:21:32Z,@rogerdemers-eb9uz,"Satan,s best joke on man was he got man to belive he was acting in mans best interest, sorry fool i do not trust you and time will show mandami,s true colors.",1
2025-11-24T17:20:34Z,@NewYork10280,Did we stop using verbs in titles?,0
2025-11-24T17:19:26Z,@k.c.adventures8067,So Zohran was platforming a fascist?,0
2025-11-24T17:17:11Z,@supermonkeyqwerty,"Awful interviewer, incredible Zohran W.<br>I&#39;ll make sure to block NBC on youtube from now on.",0
2025-11-24T17:13:47Z,@AnnemarieVillarreal,Because trump is a coward,0
2025-11-24T17:12:25Z,@ladysolidarity6072,making light of the president being a fascist is concerning.,0
2025-11-24T17:09:40Z,@Stlrecon247-o5f,Media is our true enemy. Theyre trying so hard to divide us.,0
2025-11-24T17:08:44Z,@MSK.75,Bold mayor elect❤,0
2025-11-24T17:07:19Z,@xzwarner,Leave it up to the media to try their hardest to cause more division.,0
2025-11-24T17:06:40Z,@mmaguire4496,"This is crazy, suspicious. Mamdani’s head ballooned post win, he’s a sitting duck for trump’s classic manipulation.",1
2025-11-24T17:00:30Z,@bebaba1962,In Spanish: se cazan más moscas con miel que con vinagre. You get more flies with honey than with vinegar.,1
2025-11-25T01:29:58Z,@Solrac81,Flies are also attracted to caca.,0
2025-11-24T16:58:48Z,@bebaba1962,"Fantastic Mamdani!!! Looking forward Finding the common points, not the &quot;enemy&quot; in the other. Bravo Mamdani!!! 🎉❤<br>Greetings from Spain 🍉🍉🍉",0
